{"cameraMode":{"drawMode":0,"name":"Shaded","section":"Shading Mode"},"sceneLighting":true,"audioPlay":false,"sceneViewState":{"m_AlwaysRefresh":false,"showFog":true,"showSkybox":true,"showFlares":true,"showImageEffects":true,"showParticleSystems":true,"showVisualEffectGraphs":true,"m_FxEnabled":true},"in2DMode":false,"pivot":{"x":1.4351463317871094,"y":3.513683795928955,"z":28.444839477539064},"rotation":{"x":-0.11316989362239838,"y":0.12395786494016648,"z":-0.014232310466468335,"w":-0.9857175946235657},"size":27.03145980834961,"orthographic":false}