{"cameraMode":{"drawMode":0,"name":"Shaded","section":"Shading Mode"},"sceneLighting":true,"audioPlay":false,"sceneViewState":{"m_AlwaysRefresh":false,"showFog":true,"showSkybox":true,"showFlares":true,"showImageEffects":true,"showParticleSystems":true,"showVisualEffectGraphs":true,"m_FxEnabled":true},"in2DMode":false,"pivot":{"x":552.4357299804688,"y":264.89971923828127,"z":-38.057830810546878},"rotation":{"x":-0.0363009087741375,"y":0.006592856254428625,"z":-0.0002393758768448606,"w":-0.9993205070495606},"size":233.03421020507813,"orthographic":false}